{
"update_url": "https://clients2.google.com/service/update2/crx",

	"name": "BinocularVision",
	"description": "Treatment of binocular vision disorders and amblyopia (lazy eye)",
	"version": "1.1.1.",
	"manifest_version": 2,
	"homepage_url": "http://csc.minsk.by/asveta/",
	"app": {
		"background": {
			"scripts": ["background.js"]
		}
	},
	"icons": {
		"16": "icon-16.png",
		"128": "icon-128.png",
		"256": "icon-256.png"
	},
	"permissions": [
		"storage",
		"unlimitedStorage"
	],
	"offline_enabled": true
}