{
"update_url": "https://clients2.google.com/service/update2/crx",

	"name": "BinocularVisionCorrection",
	"description": "The Treatment of binocular vision disorders and amblyopia (lazy eye)",
	"version": "2.0",
	"manifest_version": 2,
	"homepage_url": "csc.minsk.by/binoculavision",
	"app": {
		"background": {
			"scripts": ["background.js"]
		}
	},
	"icons": {
		"16": "icon-16.png",
		"128": "icon-128.png",
		"256": "icon-256.png"
	},
	"permissions": [
		"storage",
		"unlimitedStorage"
	],
	"offline_enabled": true
}