{
"update_url": "https://clients2.google.com/service/update2/crx",

	"name": "BinocularVisionTale",
	"description": "improves visual acuity",
	"version": "1.2",
	"manifest_version": 2,
	"homepage_url": "http://csc.minsk.by/binocularvision",
	"app": {
		"launch": {
			"web_url": "http://csc.minsk.by/binocularvision"
		}
	},
	"icons": {
		"16": "icon-16.png",
		"128": "icon-128.png",
		"256": "icon-256.png"
	},
	"permissions": [
		"storage",
		"unlimitedStorage"
	],
	"offline_enabled": true
}